{
  "project_info": {
    "project_number": "401716840671",
    "firebase_url": "https://cockpit-intelligence-default-rtdb.firebaseio.com",
    "project_id": "cockpit-intelligence",
    "storage_bucket": "cockpit-intelligence.appspot.com"
  },
  "client": [
    {
      "client_info": {
        "mobilesdk_app_id": "1:401716840671:android:40d09d58489af6702f416a",
        "android_client_info": {
          "package_name": "com.example.carmodel"
        }
      },
      "oauth_client": [],
      "api_key": [
        {
          "current_key": "AIzaSyC9ZZG_1EOKAJaKvCKirXiBuod70DF3CUM"
        }
      ],
      "services": {
        "appinvite_service": {
          "other_platform_oauth_client": []
        }
      }
    }
  ],
  "configuration_version": "1"
}